threshold,flagged,flagged_share,true_positives,false_positives,false_negatives,precision,recall,f1,intervention_cost,retained_value,net_benefit
0.0,1409,1.0,374,1035,0,0.2654364797728886,1.0,0.4195176668536175,70450.0,66350.466,-4099.534
0.01,1293,0.9176721078779276,372,921,2,0.2877030162412993,0.9946524064171123,0.44631073785242953,64650.0,66151.44900000001,1501.4490000000078
0.02,1233,0.8750887154009936,371,862,3,0.3008921330089213,0.9919786096256684,0.461729931549471,61650.0,66102.777,4452.777000000002
0.03,1112,0.7892122072391767,366,746,8,0.329136690647482,0.9786096256684492,0.49259757738896365,55600.0,65527.956000000006,9927.956000000006
0.04,1073,0.7615330021291696,366,707,8,0.34109972041006525,0.9786096256684492,0.5058742225293711,53650.0,65527.956000000006,11877.956000000006
0.05,1047,0.7430801987224982,364,683,10,0.34765998089780326,0.9732620320855615,0.5123152709359605,52350.0,65240.721,12890.720999999998
0.06,981,0.6962384669978708,362,619,12,0.3690112130479103,0.9679144385026738,0.5343173431734317,49050.0,65135.187000000005,16085.187000000005
0.07,952,0.6756564939673527,358,594,16,0.3760504201680672,0.9572192513368984,0.5399698340874811,47600.0,64119.393,16519.392999999996
0.08,920,0.6529453513129879,350,570,24,0.3804347826086957,0.9358288770053476,0.5409582689335395,46000.0,62776.935,16776.934999999998
0.09,903,0.6408800567778566,348,555,26,0.3853820598006645,0.93048128342246,0.5450274079874707,45150.0,62451.791999999994,17301.791999999994
0.1,857,0.6082327892122072,343,514,31,0.4002333722287048,0.9171122994652406,0.5572705117790415,42850.0,61621.91099999999,18771.910999999993
0.11,830,0.589070262597587,343,487,31,0.41325301204819276,0.9171122994652406,0.5697674418604651,41500.0,61621.91099999999,20121.910999999993
0.12,809,0.57416607523066,340,469,34,0.42027194066749074,0.9090909090909091,0.5748098055790364,40450.0,61212.176999999996,20762.176999999996
0.13,791,0.5613910574875799,336,455,38,0.4247787610619469,0.8983957219251337,0.5768240343347639,39550.0,60742.070999999996,21192.070999999996
0.14,774,0.5493257629524485,334,440,40,0.4315245478036176,0.893048128342246,0.5818815331010453,38700.0,60435.18,21735.18
0.15,771,0.5471965933286018,333,438,41,0.43190661478599224,0.8903743315508021,0.5816593886462883,38550.0,60274.070999999996,21724.070999999996
0.16,765,0.5429382540809085,331,434,43,0.4326797385620915,0.8850267379679144,0.5812115891132572,38250.0,59983.56,21733.559999999998
0.17,762,0.5408090844570618,331,431,43,0.4343832020997375,0.8850267379679144,0.5827464788732394,38100.0,59983.56,21883.559999999998
0.18,742,0.5266146202980837,328,414,46,0.4420485175202156,0.8770053475935828,0.5878136200716846,37100.0,59643.206999999995,22543.206999999995
0.19,731,0.5188076650106459,327,404,47,0.4473324213406293,0.8743315508021391,0.5918552036199095,36550.0,59510.996999999996,22960.996999999996
0.2,710,0.5039034776437189,322,388,52,0.4535211267605634,0.8609625668449198,0.5940959409594097,35500.0,58796.829,23296.828999999998
0.21,680,0.48261178140525196,318,362,56,0.4676470588235294,0.8502673796791443,0.603415559772296,34000.0,58071.429,24071.428999999996
0.22,667,0.47338537970191624,317,350,57,0.4752623688155922,0.8475935828877005,0.6090297790585975,33350.0,58025.44799999999,24675.44799999999
0.23,619,0.43931866572036904,307,312,67,0.49596122778675283,0.820855614973262,0.6183282980866062,30950.0,56379.258,25429.258
0.24,606,0.4300922640170334,301,305,73,0.4966996699669967,0.8048128342245989,0.6142857142857143,30300.0,55391.895000000004,25091.895000000004
0.25,596,0.42299503193754434,300,296,74,0.5033557046979866,0.8021390374331551,0.6185567010309277,29800.0,55147.131,25347.131
0.26,555,0.39389638041163944,287,268,87,0.5171171171171172,0.767379679144385,0.6178686759956943,27750.0,53293.149000000005,25543.149000000005
0.27,540,0.38325053229240597,283,257,91,0.524074074074074,0.7566844919786097,0.6192560175054704,27000.0,52639.353,25639.353000000003
0.28,536,0.38041163946061035,282,254,92,0.5261194029850746,0.7540106951871658,0.6197802197802198,26800.0,52377.39000000001,25577.390000000007
0.29,521,0.3697657913413769,282,239,92,0.5412667946257198,0.7540106951871658,0.6301675977653632,26050.0,52377.39000000001,26327.390000000007
0.3,511,0.36266855926188785,280,231,94,0.547945205479452,0.7486631016042781,0.632768361581921,25550.0,52128.999,26578.999000000003
0.31,505,0.3584102200141945,278,227,96,0.5504950495049505,0.7433155080213903,0.6325369738339022,25250.0,51667.43400000001,26417.43400000001
0.32,497,0.35273243435060325,274,223,100,0.5513078470824949,0.732620320855615,0.629161882893226,24850.0,51025.455,26175.455
0.33,485,0.34421575585521647,270,215,104,0.5567010309278351,0.7219251336898396,0.6286379511059371,24250.0,50435.657999999996,26185.657999999996
0.34,478,0.33924769339957417,266,212,108,0.5564853556485355,0.7112299465240641,0.624413145539906,23900.0,49808.304,25908.303999999996
0.35000000000000003,471,0.33427963094393187,264,207,110,0.5605095541401274,0.7058823529411765,0.6248520710059172,23550.0,49624.965,26074.964999999997
0.36,448,0.3179559971611072,260,188,114,0.5803571428571429,0.6951871657754011,0.6326034063260341,22400.0,48946.95,26546.949999999997
0.37,443,0.3144073811213627,258,185,116,0.582392776523702,0.6898395721925134,0.6315789473684211,22150.0,48597.82199999999,26447.821999999993
0.38,409,0.2902767920511001,246,163,128,0.6014669926650367,0.6577540106951871,0.6283524904214559,20450.0,46715.058000000005,26265.058000000005
0.39,385,0.27324343506032645,234,151,140,0.6077922077922078,0.6256684491978609,0.616600790513834,19250.0,44815.797000000006,25565.797000000006
0.4,371,0.26330731014904185,228,143,146,0.6145552560646901,0.6096256684491979,0.6120805369127518,18550.0,43804.332,25254.332000000002
0.41000000000000003,363,0.2576295244854507,224,139,150,0.6170798898071626,0.5989304812834224,0.6078697421981004,18150.0,43030.611,24880.610999999997
0.42,356,0.2526614620298084,221,135,153,0.6207865168539326,0.5909090909090909,0.6054794520547945,17800.0,42454.736999999994,24654.736999999994
0.43,343,0.24343506032647266,217,126,157,0.6326530612244898,0.5802139037433155,0.6052998605299861,17150.0,42032.367000000006,24882.367000000006
0.44,336,0.23846699787083037,215,121,159,0.6398809523809523,0.5748663101604278,0.6056338028169013,16800.0,41749.578,24949.578
0.45,327,0.2320794889992903,211,116,163,0.6452599388379205,0.5641711229946524,0.601997146932953,16350.0,40923.558,24573.557999999997
0.46,322,0.22853087295954577,207,115,167,0.6428571428571429,0.553475935828877,0.5948275862068965,16100.0,40060.917,23960.917
0.47000000000000003,315,0.22356281050390348,206,109,168,0.653968253968254,0.5508021390374331,0.597968069666183,15750.0,39814.51499999999,24064.514999999992
0.48,311,0.2207239176721079,204,107,170,0.6559485530546624,0.5454545454545454,0.5956204379562043,15550.0,39514.52700000001,23964.52700000001
0.49,301,0.21362668559261888,200,101,174,0.6644518272425249,0.5347593582887701,0.5925925925925926,15050.0,38899.691999999995,23849.691999999995
0.5,296,0.2100780695528744,199,97,175,0.6722972972972973,0.5320855614973262,0.5940298507462687,14800.0,38724.309,23924.309
0.51,284,0.20156139105748758,193,91,181,0.6795774647887324,0.516042780748663,0.5866261398176291,14200.0,37590.111,23390.110999999997
0.52,261,0.18523775727466288,181,80,193,0.6934865900383141,0.4839572192513369,0.5700787401574803,13050.0,35344.763999999996,22294.763999999996
0.53,244,0.17317246273953157,170,74,204,0.6967213114754098,0.45454545454545453,0.5501618122977345,12200.0,33416.837999999996,21216.837999999996
0.54,239,0.16962384669978708,168,71,206,0.702928870292887,0.44919786096256686,0.5481239804241436,11950.0,32985.458999999995,21035.458999999995
0.55,235,0.16678495386799147,166,69,208,0.7063829787234043,0.44385026737967914,0.5451559934318556,11750.0,32638.319999999996,20888.319999999996
0.56,226,0.1603974449964514,163,63,211,0.7212389380530974,0.4358288770053476,0.5433333333333333,11300.0,32112.171000000002,20812.171000000002
0.5700000000000001,210,0.149041873669269,151,59,223,0.719047619047619,0.4037433155080214,0.5171232876712328,10500.0,29862.612,19362.612
0.58,191,0.13555713271823988,139,52,235,0.7277486910994765,0.3716577540106952,0.49203539823008846,9550.0,27527.058,17977.058
0.59,186,0.1320085166784954,134,52,240,0.7204301075268817,0.3582887700534759,0.4785714285714286,9300.0,26748.306,17448.306
0.6,171,0.1213626685592619,126,45,248,0.7368421052631579,0.33689839572192515,0.4623853211009174,8550.0,25022.322,16472.322
0.61,152,0.1078779276082328,113,39,261,0.743421052631579,0.30213903743315507,0.4296577946768061,7600.0,22538.529,14938.528999999999
0.62,142,0.10078069552874379,107,35,267,0.7535211267605634,0.28609625668449196,0.4147286821705426,7100.0,21280.661999999997,14180.661999999997
0.63,134,0.09510290986515259,100,34,274,0.746268656716418,0.26737967914438504,0.39370078740157477,6700.0,20109.024,13409.024000000001
0.64,131,0.09297374024130589,99,32,275,0.7557251908396947,0.2647058823529412,0.39207920792079215,6550.0,19948.734,13398.734
0.65,126,0.08942512420156139,97,29,277,0.7698412698412699,0.25935828877005346,0.38799999999999996,6300.0,19562.634,13262.633999999998
0.66,120,0.085166784953868,92,28,282,0.7666666666666667,0.24598930481283424,0.37246963562753044,6000.0,18523.674000000003,12523.674000000003
0.67,112,0.0794889992902768,85,27,289,0.7589285714285714,0.22727272727272727,0.34979423868312753,5600.0,17122.716,11522.716
0.68,111,0.07877927608232789,84,27,290,0.7567567567567568,0.22459893048128343,0.34639175257731963,5550.0,16892.460000000003,11342.460000000003
0.6900000000000001,108,0.0766501064584812,82,26,292,0.7592592592592593,0.2192513368983957,0.34024896265560167,5400.0,16451.720999999998,11051.720999999998
0.7000000000000001,102,0.0723917672107878,79,23,295,0.7745098039215687,0.21122994652406418,0.3319327731092437,5100.0,15917.031,10817.031
0.71,95,0.06742370475514549,74,21,300,0.7789473684210526,0.19786096256684493,0.31556503198294245,4750.0,14904.278999999999,10154.278999999999
0.72,86,0.06103619588360539,66,20,308,0.7674418604651163,0.17647058823529413,0.28695652173913044,4300.0,13545.089999999998,9245.089999999998
0.73,79,0.056068133427963095,60,19,314,0.759493670886076,0.16042780748663102,0.26490066225165565,3950.0,12343.733999999999,8393.733999999999
0.74,77,0.054648687012065295,59,18,315,0.7662337662337663,0.15775401069518716,0.2616407982261641,3850.0,12144.951,8294.951
0.75,73,0.051809794180269694,55,18,319,0.7534246575342466,0.14705882352941177,0.24608501118568235,3650.0,11318.931,7668.9310000000005
0.76,67,0.047551454932576294,51,16,323,0.7611940298507462,0.13636363636363635,0.2312925170068027,3350.0,10506.483,7156.483
0.77,65,0.046132008516678494,49,16,325,0.7538461538461538,0.13101604278074866,0.22323462414578588,3250.0,10137.699,6887.6990000000005
0.78,55,0.03903477643718949,41,14,333,0.7454545454545455,0.10962566844919786,0.19114219114219114,2750.0,8639.514,5889.513999999999
0.79,55,0.03903477643718949,41,14,333,0.7454545454545455,0.10962566844919786,0.19114219114219114,2750.0,8639.514,5889.513999999999
0.8,49,0.0347764371894961,37,12,337,0.7551020408163265,0.09893048128342247,0.1749408983451537,2450.0,7882.407,5432.407
0.81,47,0.0333569907735983,36,11,338,0.7659574468085106,0.0962566844919786,0.17102137767220904,2350.0,7767.162,5417.162
0.8200000000000001,37,0.0262597586941093,30,7,344,0.8108108108108109,0.08021390374331551,0.14598540145985403,1850.0,6407.271,4557.271
0.8300000000000001,32,0.0227111426543648,26,6,348,0.8125,0.06951871657754011,0.12807881773399016,1600.0,5563.584,3963.584
0.84,31,0.0220014194464159,25,6,349,0.8064516129032258,0.06684491978609626,0.1234567901234568,1550.0,5350.41,3800.41
0.85,27,0.0191625266146203,23,4,351,0.8518518518518519,0.06149732620320856,0.11471321695760599,1350.0,4920.669000000001,3570.669000000001
0.86,24,0.017033356990773598,21,3,353,0.875,0.05614973262032086,0.10552763819095477,1200.0,4522.635,3322.635
0.87,19,0.0134847409510291,17,2,357,0.8947368421052632,0.045454545454545456,0.08651399491094149,950.0,3731.0129999999995,2781.0129999999995
0.88,18,0.0127750177430802,16,2,358,0.8888888888888888,0.0427807486631016,0.08163265306122448,900.0,3511.2870000000003,2611.2870000000003
0.89,16,0.0113555713271824,14,2,360,0.875,0.0374331550802139,0.07179487179487179,800.0,3052.179,2252.179
0.9,14,0.0099361249112846,12,2,362,0.8571428571428571,0.03208556149732621,0.061855670103092786,700.0,2638.35,1938.35
0.91,14,0.0099361249112846,12,2,362,0.8571428571428571,0.03208556149732621,0.061855670103092786,700.0,2638.35,1938.35
0.92,12,0.008516678495386799,10,2,364,0.8333333333333334,0.026737967914438502,0.05181347150259067,600.0,2226.6269999999995,1626.6269999999995
0.93,9,0.0063875088715401,9,0,365,1.0,0.02406417112299465,0.04699738903394255,450.0,1993.212,1543.212
0.9400000000000001,9,0.0063875088715401,9,0,365,1.0,0.02406417112299465,0.04699738903394255,450.0,1993.212,1543.212
0.9500000000000001,7,0.0049680624556423,7,0,367,1.0,0.01871657754010695,0.036745406824146974,350.0,1552.1219999999998,1202.1219999999998
0.96,6,0.0042583392476933995,6,0,368,1.0,0.016042780748663103,0.031578947368421054,300.0,1344.915,1044.915
0.97,6,0.0042583392476933995,6,0,368,1.0,0.016042780748663103,0.031578947368421054,300.0,1344.915,1044.915
0.98,0,0.0,0,0,374,0.0,0.0,0.0,0.0,0.0,0.0
0.99,0,0.0,0,0,374,0.0,0.0,0.0,0.0,0.0,0.0
1.0,0,0.0,0,0,374,0.0,0.0,0.0,0.0,0.0,0.0
